{"2eeec166-e21b-4f64-9bdb-cb046a22f4b3":{"Icon":null,"OverlayIcon":null,"OverlayTooltip":null,"BadgeText":null,"BadgeTextColor":null,"BadgeColor":null,"ContextMenu":"[fa:Light_Images:#1c9adc]关闭贴图显示(截图后不显示图片)|menuSwitch_关闭贴图显示\r\n[fa:Light_Save:#444444]开启自动保存(截图后自动保存图片文件)|menuSwitch_开启自动保存"},"6872ed1a-a35b-4ec8-b52d-4fbfe3cc2df5":{"Icon":null,"OverlayIcon":null,"OverlayTooltip":null,"BadgeText":null,"BadgeTextColor":null,"BadgeColor":null,"ContextMenu":"[fa:Light_Window:#1c9adc]关闭文本窗口显示(识别后不显示文本窗口)|_qk_menu_switch_关闭文本窗口"}}