{"ActionId":"6872ed1a-a35b-4ec8-b52d-4fbfe3cc2df5","IconUrl":null,"States":{"$var:windowSize":"","$var:shareApiKey":"False","$var:symbolMode":"智能","$var:langCodeUtf8":"","$var:ocrItemsSwitch":"普通文字","$var:httpDelay":"3","$var:userBaiduFyAppid":"注册地址：https://api.fanyi.baidu.com/","$var:ocrEngineSwitch":"Baidu","$var:windowSwitch":"On","$var:paragraphMode":"拆分多行","$var:searchConfig":"[\"百度搜索|\\\"https://www.baidu.com/s?wd={关键词}\\\"\",\"谷歌搜索|\\\"https://www.google.com/search?&q={关键词}\\\"\",\"百度百科|\\\"https://baike.baidu.com/search/word?word={关键词}\\\"\",\"知乎搜索|\\\"https://www.zhihu.com/search?type=content&q={关键词}\\\"\",\"微博搜索|\\\"https://s.weibo.com/weibo/{关键词}\\\"\",\"搜狗微信|\\\"https://weixin.sogou.com/weixin?type=2&query={关键词}\\\"\",\"Everything|\\\"{StartMenu}\\\\Programs\\\\Everything\\\\搜索 Everything.lnk\\\" -s \\\"{关键词}\\\"\"]","$var:imgRatio":"1.1","$var:userBaiduFyKey":"","$var:transSiteList":"[\"查词\",\"google\",\"baidu\",\"tencent\",\"bing\",\"iciba\",\"youdao\",\"xiaoniu\",\"so360\"]","$var:transSourceList":"[]","$var:useAllCount":"{\"txCount\":\"0\"}","$var:transMultiList":"[\"英语\",\"繁体中文\",\"日语\",\"韩语\",\"德语\",\"法语\",\"俄语\",\"西班牙语\",\"阿拉伯语\"]","$var:screenshotSwitch":"单次截图","$var:ocrLangTypeSwitch":"CHN_ENG","$var:firstRun":"True","$var:userApiKey":"EeCurn9bn9kW1PAsRZQl3Y3a","$var:userTxSecretKey":"","$var:state":"2","$var:userSourceLang":"自动检测","$var:targetLang":"中英文","$var:tipsMark":"0","$var:useCount":"3","$var:userSecretKey":"j0QOR2a06h4yz6YVlGtmb5C5oITyeIq0","$var:userTxSecretId":"注册地址：https://console.cloud.tencent.com/ocr/general","$var:fontSize":"15","verify":"0","$var:ocrParamsUtf8":"%7b%22tips%22%3a%5b%7b%22state%22%3a1%2c%22orderid%22%3a%22%22%2c%22firstTips%22%3a%22%e6%9b%b4%e6%96%b0%e6%8f%90%e9%86%92%ef%bc%9a%e6%96%b0%e7%89%88%e6%8f%90%e5%8d%87%e4%ba%86%e8%af%86%e5%88%ab%e9%80%9f%e5%ba%a6%ef%bc%8c%e6%8f%90%e9%ab%98%e4%ba%86%e8%af%86%e5%88%ab%e5%87%86%e7%a1%ae%e7%8e%87%ef%bc%8c%e4%bc%98%e5%8c%96%e4%ba%86%e4%bd%bf%e7%94%a8%e4%bd%93%e9%aa%8c%ef%bc%8c%e6%ac%a2%e8%bf%8e%e6%9b%b4%e6%96%b0%e5%90%8e%e4%bd%bf%e7%94%a8%e3%80%82%22%2c%22tipsCode%22%3a20%2c%22praisePic%22%3a%22http%3a%2f%2f129.28.199.55%2focr%2fpraise.png%22%2c%22supportVersion%22%3a1008005%2c%22versionTips%22%3a%22%e6%96%b0%e5%8a%9f%e8%83%bd%e4%b8%8d%e6%94%af%e6%8c%81%e6%97%a7%e7%89%88%ef%bc%8c%e8%af%b7%e5%8d%87%e7%ba%a7Quicker%e5%88%b01.08.5%e5%8f%8a%e4%bb%a5%e4%b8%8a%e7%89%88%e6%9c%ac%e5%86%8d%e4%bd%bf%e7%94%a8%e3%80%82%22%2c%22imgRatio%22%3a1.1%7d%5d%2c%22baidu%22%3a%5b%7b%22AccessToken%22%3a%5b%2224.954f7b58216e4fde2b84fe4020f21d39.2592000.1657298881.282335-23123476%22%2c%2224.0d3d2f9c7c7e38864560456633182c59.2592000.1657298881.282335-17986899%22%5d%7d%5d%2c%22tencent%22%3a%5b%7b%22SecretId%22%3a%5b%22AKIDOVMUL1zZRUHp9CtjHY8UZOwEG5dejv9F%22%5d%7d%2c%7b%22SecretKey%22%3a%5b%22xg9MQVLvDF2mGTu50ojQq05uVqupoY3H%22%5d%7d%5d%2c%22baidufy%22%3a%5b%7b%22baidufyAppid%22%3a%2220190724000320819%22%2c%22baidufyKey%22%3a%22spNgXK9pghRrvtg0vVrF%22%7d%5d%2c%22ocrdict%22%3a%5b%7b%22%e6%99%ae%e9%80%9a%e6%96%87%e5%ad%97%22%3a%5b%7b%22url%22%3a%22https%3a%2f%2faip.baidubce.com%2frest%2f2.0%2focr%2fv1%2fgeneral_basic%22%2c%22post%22%3a%22%7bimgSwitch%7d%7bimgBase64%7d%26language_type%3d%7bocrLangType%7d%26paragraph%3dtrue%26detect_direction%3dtrue%26detect_language%3dtrue%26probability%3dtrue%22%2c%22json%22%3a%22%22%2c%22txpost%22%3a%22%7b%5c%22LanguageType%5c%22%3a%5c%22%7bocrLangType%7d%5c%22%2c%5c%22ImageBase64%5c%22%3a%5c%22%7bimgBase64%7d%5c%22%7d%22%2c%22txjson%22%3a%22DetectedText%22%7d%5d%2c%22%e9%ab%98%e7%b2%be%e5%ba%a6%e6%96%87%e5%ad%97%22%3a%5b%7b%22url%22%3a%22https%3a%2f%2faip.baidubce.com%2frest%2f2.0%2focr%2fv1%2faccurate_basic%22%2c%22post%22%3a%22%7bimgSwitch%7d%7bimgBase64%7d%26language_type%3d%7bocrLangType%7d%26paragraph%3dtrue%26detect_direction%3dtrue%26detect_language%3dtrue%26probability%3dtrue%22%2c%22json%22%3a%22%22%2c%22txpost%22%3a%22%7b%5c%22ImageBase64%5c%22%3a%5c%22%7bimgBase64%7d%5c%22%7d%22%2c%22txjson%22%3a%22DetectedText%22%7d%5d%2c%22%e8%a1%a8%e6%a0%bc%22%3a%5b%7b%22url%22%3a%22https%3a%2f%2faip.baidubce.com%2frest%2f2.0%2fsolution%2fv1%2fform_ocr%2frequest%22%2c%22post%22%3a%22%7bimgSwitch%7d%7bimgBase64%7d%26detect_direction%3dtrue%22%2c%22json%22%3a%22%22%2c%22txpost%22%3a%22%7b%5c%22ImageBase64%5c%22%3a%5c%22%7bimgBase64%7d%5c%22%7d%22%2c%22txjson%22%3a%22Data%22%7d%5d%2c%22%e6%95%b0%e5%ad%97%22%3a%5b%7b%22url%22%3a%22https%3a%2f%2faip.baidubce.com%2frest%2f2.0%2focr%2fv1%2fnumbers%22%2c%22post%22%3a%22%7bimgSwitch%7d%7bimgBase64%7d%26detect_direction%3dtrue%22%2c%22json%22%3a%22words%22%7d%5d%2c%22%e6%89%8b%e5%86%99%e6%96%87%e5%ad%97%22%3a%5b%7b%22url%22%3a%22https%3a%2f%2faip.baidubce.com%2frest%2f2.0%2focr%2fv1%2fhandwriting%22%2c%22post%22%3a%22%7bimgSwitch%7d%7bimgBase64%7d%26detect_direction%3dtrue%26probability%3dtrue%22%2c%22json%22%3a%22words%22%2c%22txpost%22%3a%22%7b%5c%22ImageBase64%5c%22%3a%5c%22%7bimgBase64%7d%5c%22%7d%22%2c%22txjson%22%3a%22DetectedText%22%7d%5d%2c%22%e5%85%ac%e5%bc%8f%22%3a%5b%7b%22url%22%3a%22https%3a%2f%2faip.baidubce.com%2frest%2f2.0%2focr%2fv1%2fformula%22%2c%22post%22%3a%22%7bimgSwitch%7d%7bimgBase64%7d%26detect_direction%3dtrue%26disp_formula%3dfalse%22%2c%22json%22%3a%22words%22%2c%22txpost%22%3a%22%7b%5c%22ImageBase64%5c%22%3a%5c%22%7bimgBase64%7d%5c%22%7d%22%2c%22txjson%22%3a%22DetectedText%22%7d%5d%2c%22%e8%af%95%e5%8d%b7%22%3a%5b%7b%22url%22%3a%22https%3a%2f%2faip.baidubce.com%2frest%2f2.0%2focr%2fv1%2fdoc_analysis%22%2c%22post%22%3a%22%7bimgSwitch%7d%7bimgBase64%7d%26detect_direction%3dtrue%26line_probability%3dtrue%26words_type%3dhandprint_mix%26layout_analysis%3dtrue%22%2c%22json%22%3a%22word%22%2c%22txpost%22%3a%22%7b%5c%22ImageBase64%5c%22%3a%5c%22%7bimgBase64%7d%5c%22%7d%22%2c%22txjson%22%3a%22DetectedText%22%7d%5d%2c%22%e8%ba%ab%e4%bb%bd%e8%af%81%22%3a%5b%7b%22url%22%3a%22https%3a%2f%2faip.baidubce.com%2frest%2f2.0%2focr%2fv1%2fidcard%22%2c%22post%22%3a%22%7bimgSwitch%7d%7bimgBase64%7d%26detect_direction%3dtrue%26detect_rectify%3dfalse%26id_card_side%3dfront%22%2c%22json%22%3a%22%e5%a7%93%e5%90%8d%2c%e6%80%a7%e5%88%ab%2c%e6%b0%91%e6%97%8f%2c%e5%87%ba%e7%94%9f%2c%e4%bd%8f%e5%9d%80%2c%e5%85%ac%e6%b0%91%e8%ba%ab%e4%bb%bd%e5%8f%b7%e7%a0%81%22%2c%22txpost%22%3a%22%7b%5c%22ImageBase64%5c%22%3a%5c%22%7bimgBase64%7d%5c%22%7d%22%2c%22txjson%22%3a%22Name%2cSex%2cNation%2cBirth%2cAddress%2cIdNum%2cAuthority%2cValidDate%22%7d%5d%2c%22%e8%ba%ab%e4%bb%bd%e8%af%81%e8%83%8c%e9%9d%a2%22%3a%5b%7b%22url%22%3a%22https%3a%2f%2faip.baidubce.com%2frest%2f2.0%2focr%2fv1%2fidcard%22%2c%22post%22%3a%22%7bimgSwitch%7d%7bimgBase64%7d%26detect_direction%3dtrue%26detect_rectify%3dfalse%26id_card_side%3dback%22%2c%22json%22%3a%22%e7%ad%be%e5%8f%91%e6%9c%ba%e5%85%b3%2c%e7%ad%be%e5%8f%91%e6%97%a5%e6%9c%9f%2c%e5%a4%b1%e6%95%88%e6%97%a5%e6%9c%9f%22%7d%5d%2c%22%e9%93%b6%e8%a1%8c%e5%8d%a1%22%3a%5b%7b%22url%22%3a%22https%3a%2f%2faip.baidubce.com%2frest%2f2.0%2focr%2fv1%2fbankcard%22%2c%22post%22%3a%22%7bimgSwitch%7d%7bimgBase64%7d%26detect_direction%3dtrue%22%2c%22json%22%3a%22bank_name%2cbank_card_number%2cvalid_date%2cbank_card_type%22%2c%22txpost%22%3a%22%7b%5c%22ImageBase64%5c%22%3a%5c%22%7bimgBase64%7d%5c%22%7d%22%2c%22txjson%22%3a%22CardNo%2cBankInfo%2cValidDate%2cCardType%2cCardName%22%7d%5d%2c%22%e8%90%a5%e4%b8%9a%e6%89%a7%e7%85%a7%22%3a%5b%7b%22url%22%3a%22https%3a%2f%2faip.baidubce.com%2frest%2f2.0%2focr%2fv1%2fbusiness_license%22%2c%22post%22%3a%22%7bimgSwitch%7d%7bimgBase64%7d%26detect_direction%3dtrue%26accurac%3dhigh%22%2c%22json%22%3a%22%e5%8d%95%e4%bd%8d%e5%90%8d%e7%a7%b0%2c%e7%a4%be%e4%bc%9a%e4%bf%a1%e7%94%a8%e4%bb%a3%e7%a0%81%2c%e8%af%81%e4%bb%b6%e7%bc%96%e5%8f%b7%2c%e6%b3%95%e4%ba%ba%2c%e6%b3%a8%e5%86%8c%e8%b5%84%e6%9c%ac%2c%e6%88%90%e7%ab%8b%e6%97%a5%e6%9c%9f%2c%e6%9c%89%e6%95%88%e6%9c%9f%2c%e7%b1%bb%e5%9e%8b%2c%e7%bb%84%e6%88%90%e5%bd%a2%e5%bc%8f%2c%e5%9c%b0%e5%9d%80%2c%e7%bb%8f%e8%90%a5%e8%8c%83%e5%9b%b4%22%2c%22txpost%22%3a%22%7b%5c%22ImageBase64%5c%22%3a%5c%22%7bimgBase64%7d%5c%22%7d%22%2c%22txjson%22%3a%22Name%2cRegNum%2cPerson%2cCapital%2cSetDate%2cPeriod%2cType%2cComposingForm%2cAddress%2cBusiness%22%7d%5d%2c%22%e5%a2%9e%e5%80%bc%e7%a8%8e%e5%8f%91%e7%a5%a8%22%3a%5b%7b%22url%22%3a%22https%3a%2f%2faip.baidubce.com%2frest%2f2.0%2focr%2fv1%2fvat_invoice%22%2c%22post%22%3a%22%7bimgSwitch%7d%7bimgBase64%7d%26detect_direction%3dtrue%22%2c%22json%22%3a%22InvoiceType%2cInvoiceTypeOrg%2cInvoiceCode%2cInvoiceNum%2cCheckCode%2cInvoiceDate%2cPurchaserName%2cPurchaserRegisterNum%2cPurchaserAddress%2cPurchaserBank%2cPassword%2cSellerName%2cSellerRegisterNum%2cSellerAddress%2cSellerBank%2cTotalAmount%2cTotalTax%2cAmountInWords%2cAmountInFiguers%2cRemarks%2cPayee%2cChecker%2cNoteDrawer%22%2c%22txpost%22%3a%22%7b%5c%22ImageBase64%5c%22%3a%5c%22%7bimgBase64%7d%5c%22%7d%22%2c%22txjson%22%3a%22Name%2cSpec%2cUnit%2cQuantity%2cUnitPrice%2cAmountWithoutTax%2cTaxRate%2cTaxAmount%22%7d%5d%2c%22%e5%ae%9a%e9%a2%9d%e5%8f%91%e7%a5%a8%22%3a%5b%7b%22url%22%3a%22https%3a%2f%2faip.baidubce.com%2frest%2f2.0%2focr%2fv1%2fquota_invoice%22%2c%22post%22%3a%22%7bimgSwitch%7d%7bimgBase64%7d%26detect_direction%3dtrue%22%2c%22json%22%3a%22invoice_code%2cinvoice_number%2cinvoice_rate%22%2c%22txpost%22%3a%22%7b%5c%22ImageBase64%5c%22%3a%5c%22%7bimgBase64%7d%5c%22%7d%22%2c%22txjson%22%3a%22InvoiceNum%2cInvoiceCode%2cRate%2cRateNum%2cInvoiceType%2cProvince%2cCity%22%7d%5d%2c%22%e9%a9%be%e9%a9%b6%e8%af%81%22%3a%5b%7b%22url%22%3a%22https%3a%2f%2faip.baidubce.com%2frest%2f2.0%2focr%2fv1%2fdriving_license%22%2c%22post%22%3a%22%7bimgSwitch%7d%7bimgBase64%7d%26detect_direction%3dtrue%26unified_valid_period%3dtrue%22%2c%22json%22%3a%22%e8%af%81%e5%8f%b7%2c%e5%a7%93%e5%90%8d%2c%e6%80%a7%e5%88%ab%2c%e5%9b%bd%e7%b1%8d%2c%e4%bd%8f%e5%9d%80%2c%e5%87%ba%e7%94%9f%e6%97%a5%e6%9c%9f%2c%e5%88%9d%e6%ac%a1%e9%a2%86%e8%af%81%e6%97%a5%e6%9c%9f%2c%e5%87%86%e9%a9%be%e8%bd%a6%e5%9e%8b%2c%e6%9c%89%e6%95%88%e6%9c%9f%e9%99%90%2c%e6%9c%89%e6%95%88%e8%b5%b7%e5%a7%8b%e6%97%a5%e6%9c%9f%22%2c%22txpost%22%3a%22%7b%5c%22ImageBase64%5c%22%3a%5c%22%7bimgBase64%7d%5c%22%7d%22%2c%22txjson%22%3a%22Name%2cSex%2cNationality%2cAddress%2cDateOfBirth%2cDateOfFirstIssue%2cClass%2cStartDate%2cEndDate%2cCardCode%2cArchivesCode%2cRecord%22%7d%5d%2c%22%e7%81%ab%e8%bd%a6%e7%a5%a8%22%3a%5b%7b%22url%22%3a%22https%3a%2f%2faip.baidubce.com%2frest%2f2.0%2focr%2fv1%2ftrain_ticket%22%2c%22post%22%3a%22%7bimgSwitch%7d%7bimgBase64%7d%26detect_direction%3dtrue%22%2c%22json%22%3a%22name%2cstarting_station%2ctrain_num%2cdestination_station%2cdate%2cseat_num%2cseat_category%2cticket_rates%22%2c%22txpost%22%3a%22%7b%5c%22ImageBase64%5c%22%3a%5c%22%7bimgBase64%7d%5c%22%7d%22%2c%22txjson%22%3a%22TicketNum%2cStartStation%2cDestinationStation%2cDate%2cTrainNum%2cSeat%2cName%2cPrice%2cSeatCategory%2cID%2cInvoiceType%2cSerialNumber%22%7d%5d%2c%22codeName%22%3a%22%e5%a2%9e%e5%80%bc%e7%a8%8e%e5%8f%91%e7%a5%a8InvoiceType%3a%e5%8f%91%e7%a5%a8%e7%a7%8d%e7%b1%bb%2c%e5%a2%9e%e5%80%bc%e7%a8%8e%e5%8f%91%e7%a5%a8InvoiceTypeOrg%3a%e5%8f%91%e7%a5%a8%e5%90%8d%e7%a7%b0%2c%e5%a2%9e%e5%80%bc%e7%a8%8e%e5%8f%91%e7%a5%a8InvoiceCode%3a%e5%8f%91%e7%a5%a8%e4%bb%a3%e7%a0%81%2c%e5%a2%9e%e5%80%bc%e7%a8%8e%e5%8f%91%e7%a5%a8InvoiceNum%3a%e5%8f%91%e7%a5%a8%e5%8f%b7%e7%a0%81%2c%e5%a2%9e%e5%80%bc%e7%a8%8e%e5%8f%91%e7%a5%a8CheckCode%3a%e6%a0%a1%e9%aa%8c%e7%a0%81%2c%e5%a2%9e%e5%80%bc%e7%a8%8e%e5%8f%91%e7%a5%a8InvoiceDate%3a%e5%bc%80%e7%a5%a8%e6%97%a5%e6%9c%9f%2c%e5%a2%9e%e5%80%bc%e7%a8%8e%e5%8f%91%e7%a5%a8PurchaserName%3a%e8%b4%ad%e6%96%b9%e5%90%8d%e7%a7%b0%2c%e5%a2%9e%e5%80%bc%e7%a8%8e%e5%8f%91%e7%a5%a8PurchaserRegisterNum%3a%e8%b4%ad%e6%96%b9%e7%ba%b3%e7%a8%8e%e4%ba%ba%e8%af%86%e5%88%ab%e5%8f%b7%2c%e5%a2%9e%e5%80%bc%e7%a8%8e%e5%8f%91%e7%a5%a8PurchaserAddress%3a%e8%b4%ad%e6%96%b9%e5%9c%b0%e5%9d%80%e5%8f%8a%e7%94%b5%e8%af%9d%2c%e5%a2%9e%e5%80%bc%e7%a8%8e%e5%8f%91%e7%a5%a8PurchaserBank%3a%e8%b4%ad%e6%96%b9%e5%bc%80%e6%88%b7%e8%a1%8c%e5%8f%8a%e8%b4%a6%e5%8f%b7%2c%e5%a2%9e%e5%80%bc%e7%a8%8e%e5%8f%91%e7%a5%a8Password%3a%e5%af%86%e7%a0%81%e5%8c%ba%2c%e5%a2%9e%e5%80%bc%e7%a8%8e%e5%8f%91%e7%a5%a8CommodityName%3a%e8%b4%a7%e7%89%a9%e6%88%96%e5%ba%94%e7%a8%8e%e5%8a%b3%e5%8a%a1%e3%80%81%e6%9c%8d%e5%8a%a1%e5%90%8d%e7%a7%b0%2c%e5%a2%9e%e5%80%bc%e7%a8%8e%e5%8f%91%e7%a5%a8CommodityType%3a%e8%a7%84%e6%a0%bc%e5%9e%8b%e5%8f%b7%2c%e5%a2%9e%e5%80%bc%e7%a8%8e%e5%8f%91%e7%a5%a8CommodityUnit%3a%e5%8d%95%e4%bd%8d%2c%e5%a2%9e%e5%80%bc%e7%a8%8e%e5%8f%91%e7%a5%a8CommodityNum%3a%e6%95%b0%e9%87%8f%2c%e5%a2%9e%e5%80%bc%e7%a8%8e%e5%8f%91%e7%a5%a8CommodityPrice%3a%e5%8d%95%e4%bb%b7%2c%e5%a2%9e%e5%80%bc%e7%a8%8e%e5%8f%91%e7%a5%a8CommodityAmount%3a%e9%87%91%e9%a2%9d%2c%e5%a2%9e%e5%80%bc%e7%a8%8e%e5%8f%91%e7%a5%a8CommodityTaxRate%3a%e7%a8%8e%e7%8e%87%2c%e5%a2%9e%e5%80%bc%e7%a8%8e%e5%8f%91%e7%a5%a8CommodityTax%3a%e7%a8%8e%e9%a2%9d%2c%e5%a2%9e%e5%80%bc%e7%a8%8e%e5%8f%91%e7%a5%a8SellerName%3a%e9%94%80%e5%94%ae%e6%96%b9%e5%90%8d%e7%a7%b0%2c%e5%a2%9e%e5%80%bc%e7%a8%8e%e5%8f%91%e7%a5%a8SellerRegisterNum%3a%e9%94%80%e5%94%ae%e6%96%b9%e7%ba%b3%e7%a8%8e%e4%ba%ba%e8%af%86%e5%88%ab%e5%8f%b7%2c%e5%a2%9e%e5%80%bc%e7%a8%8e%e5%8f%91%e7%a5%a8SellerAddress%3a%e9%94%80%e5%94%ae%e6%96%b9%e5%9c%b0%e5%9d%80%e5%8f%8a%e7%94%b5%e8%af%9d%2c%e5%a2%9e%e5%80%bc%e7%a8%8e%e5%8f%91%e7%a5%a8SellerBank%3a%e9%94%80%e5%94%ae%e6%96%b9%e5%bc%80%e6%88%b7%e8%a1%8c%e5%8f%8a%e8%b4%a6%e5%8f%b7%2c%e5%a2%9e%e5%80%bc%e7%a8%8e%e5%8f%91%e7%a5%a8TotalAmount%3a%e5%90%88%e8%ae%a1%e9%87%91%e9%a2%9d%2c%e5%a2%9e%e5%80%bc%e7%a8%8e%e5%8f%91%e7%a5%a8TotalTax%3a%e5%90%88%e8%ae%a1%e7%a8%8e%e9%a2%9d%2c%e5%a2%9e%e5%80%bc%e7%a8%8e%e5%8f%91%e7%a5%a8AmountInWords%3a%e4%bb%b7%e7%a8%8e%e5%90%88%e8%ae%a1(%e5%a4%a7%e5%86%99)%2c%e5%a2%9e%e5%80%bc%e7%a8%8e%e5%8f%91%e7%a5%a8AmountInFiguers%3a%e4%bb%b7%e7%a8%8e%e5%90%88%e8%ae%a1(%e5%b0%8f%e5%86%99)%2c%e5%a2%9e%e5%80%bc%e7%a8%8e%e5%8f%91%e7%a5%a8Payee%3a%e6%94%b6%e6%ac%be%e4%ba%ba%2c%e5%a2%9e%e5%80%bc%e7%a8%8e%e5%8f%91%e7%a5%a8Checker%3a%e5%a4%8d%e6%a0%b8%2c%e5%a2%9e%e5%80%bc%e7%a8%8e%e5%8f%91%e7%a5%a8NoteDrawer%3a%e5%bc%80%e7%a5%a8%e4%ba%ba%2c%e5%a2%9e%e5%80%bc%e7%a8%8e%e5%8f%91%e7%a5%a8Remarks%3a%e5%a4%87%e6%b3%a8%2c%e5%ae%9a%e9%a2%9d%e5%8f%91%e7%a5%a8invoice_code%3a%e5%8f%91%e7%a5%a8%e4%bb%a3%e7%a0%81%2c%e5%ae%9a%e9%a2%9d%e5%8f%91%e7%a5%a8invoice_number%3a%e5%8f%91%e7%a5%a8%e5%8f%b7%e7%a0%81%2c%e5%ae%9a%e9%a2%9d%e5%8f%91%e7%a5%a8invoice_rate%3a%e9%87%91%e9%a2%9d%2c%e8%ba%ab%e4%bb%bd%e8%af%81%e5%a7%93%e5%90%8d%3a%e5%a7%93%e5%90%8d%2c%e8%ba%ab%e4%bb%bd%e8%af%81%e6%80%a7%e5%88%ab%3a%e6%80%a7%e5%88%ab%2c%e8%ba%ab%e4%bb%bd%e8%af%81%e6%b0%91%e6%97%8f%3a%e6%b0%91%e6%97%8f%2c%e8%ba%ab%e4%bb%bd%e8%af%81%e5%87%ba%e7%94%9f%3a%e5%87%ba%e7%94%9f%2c%e8%ba%ab%e4%bb%bd%e8%af%81%e4%bd%8f%e5%9d%80%3a%e4%bd%8f%e5%9d%80%2c%e8%ba%ab%e4%bb%bd%e8%af%81%e5%85%ac%e6%b0%91%e8%ba%ab%e4%bb%bd%e5%8f%b7%e7%a0%81%3a%e8%ba%ab%e4%bb%bd%e5%8f%b7%e7%a0%81%2c%e8%ba%ab%e4%bb%bd%e8%af%81%e8%83%8c%e9%9d%a2%e7%ad%be%e5%8f%91%e6%9c%ba%e5%85%b3%3a%e7%ad%be%e5%8f%91%e6%9c%ba%e5%85%b3%2c%e8%ba%ab%e4%bb%bd%e8%af%81%e8%83%8c%e9%9d%a2%e7%ad%be%e5%8f%91%e6%97%a5%e6%9c%9f%3a%e7%ad%be%e5%8f%91%e6%97%a5%e6%9c%9f%2c%e8%ba%ab%e4%bb%bd%e8%af%81%e8%83%8c%e9%9d%a2%e5%a4%b1%e6%95%88%e6%97%a5%e6%9c%9f%3a%e5%a4%b1%e6%95%88%e6%97%a5%e6%9c%9f%2c%e9%93%b6%e8%a1%8c%e5%8d%a1bank_name%3a%e9%93%b6%e8%a1%8c%e5%90%8d%2c%e9%93%b6%e8%a1%8c%e5%8d%a1bank_card_number%3a%e9%93%b6%e8%a1%8c%e5%8d%a1%e5%8f%b7%2c%e9%93%b6%e8%a1%8c%e5%8d%a1valid_date%3a%e6%9c%89%e6%95%88%e6%9c%9f%2c%e9%93%b6%e8%a1%8c%e5%8d%a1bank_card_type%3a%e9%93%b6%e8%a1%8c%e5%8d%a1%e7%b1%bb%e5%9e%8b%2c%e8%90%a5%e4%b8%9a%e6%89%a7%e7%85%a7%e5%8d%95%e4%bd%8d%e5%90%8d%e7%a7%b0%3a%e5%8d%95%e4%bd%8d%e5%90%8d%e7%a7%b0%2c%e8%90%a5%e4%b8%9a%e6%89%a7%e7%85%a7%e7%a4%be%e4%bc%9a%e4%bf%a1%e7%94%a8%e4%bb%a3%e7%a0%81%3a%e7%a4%be%e4%bc%9a%e4%bf%a1%e7%94%a8%e4%bb%a3%e7%a0%81%2c%e8%90%a5%e4%b8%9a%e6%89%a7%e7%85%a7%e8%af%81%e4%bb%b6%e7%bc%96%e5%8f%b7%3a%e8%af%81%e7%85%a7%e7%bc%96%e5%8f%b7%2c%e8%90%a5%e4%b8%9a%e6%89%a7%e7%85%a7%e6%b3%95%e4%ba%ba%3a%e6%b3%95%e4%ba%ba%2c%e8%90%a5%e4%b8%9a%e6%89%a7%e7%85%a7%e6%b3%a8%e5%86%8c%e8%b5%84%e6%9c%ac%3a%e6%b3%a8%e5%86%8c%e8%b5%84%e6%9c%ac%2c%e8%90%a5%e4%b8%9a%e6%89%a7%e7%85%a7%e6%88%90%e7%ab%8b%e6%97%a5%e6%9c%9f%3a%e6%88%90%e7%ab%8b%e6%97%a5%e6%9c%9f%2c%e8%90%a5%e4%b8%9a%e6%89%a7%e7%85%a7%e6%9c%89%e6%95%88%e6%9c%9f%3a%e6%9c%89%e6%95%88%e6%9c%9f%2c%e8%90%a5%e4%b8%9a%e6%89%a7%e7%85%a7%e7%b1%bb%e5%9e%8b%3a%e7%b1%bb%e5%9e%8b%2c%e8%90%a5%e4%b8%9a%e6%89%a7%e7%85%a7%e7%bb%84%e6%88%90%e5%bd%a2%e5%bc%8f%3a%e7%bb%84%e6%88%90%e5%bd%a2%e5%bc%8f%2c%e8%90%a5%e4%b8%9a%e6%89%a7%e7%85%a7%e5%9c%b0%e5%9d%80%3a%e5%9c%b0%e5%9d%80%2c%e8%90%a5%e4%b8%9a%e6%89%a7%e7%85%a7%e7%bb%8f%e8%90%a5%e8%8c%83%e5%9b%b4%3a%e7%bb%8f%e8%90%a5%e8%8c%83%e5%9b%b4%2c%e9%a9%be%e9%a9%b6%e8%af%81%e8%af%81%e5%8f%b7%3a%e8%af%81%e5%8f%b7%2c%e9%a9%be%e9%a9%b6%e8%af%81%e5%a7%93%e5%90%8d%3a%e5%a7%93%e5%90%8d%2c%e9%a9%be%e9%a9%b6%e8%af%81%e6%80%a7%e5%88%ab%3a%e6%80%a7%e5%88%ab%2c%e9%a9%be%e9%a9%b6%e8%af%81%e5%9b%bd%e7%b1%8d%3a%e5%9b%bd%e7%b1%8d%2c%e9%a9%be%e9%a9%b6%e8%af%81%e4%bd%8f%e5%9d%80%3a%e4%bd%8f%e5%9d%80%2c%e9%a9%be%e9%a9%b6%e8%af%81%e5%87%ba%e7%94%9f%e6%97%a5%e6%9c%9f%3a%e5%87%ba%e7%94%9f%e6%97%a5%e6%9c%9f%2c%e9%a9%be%e9%a9%b6%e8%af%81%e5%88%9d%e6%ac%a1%e9%a2%86%e8%af%81%e6%97%a5%e6%9c%9f%3a%e5%88%9d%e6%ac%a1%e9%a2%86%e8%af%81%e6%97%a5%e6%9c%9f%2c%e9%a9%be%e9%a9%b6%e8%af%81%e5%87%86%e9%a9%be%e8%bd%a6%e5%9e%8b%3a%e5%87%86%e9%a9%be%e8%bd%a6%e5%9e%8b%2c%e9%a9%be%e9%a9%b6%e8%af%81%e6%9c%89%e6%95%88%e6%9c%9f%e9%99%90%3a%e6%9c%89%e6%95%88%e6%9c%9f%e9%99%90%2c%e9%a9%be%e9%a9%b6%e8%af%81%e6%9c%89%e6%95%88%e8%b5%b7%e5%a7%8b%e6%97%a5%e6%9c%9f%3a%e6%9c%89%e6%95%88%e8%b5%b7%e5%a7%8b%e6%97%a5%e6%9c%9f%2c%e7%81%ab%e8%bd%a6%e7%a5%a8name%3a%e4%b9%98%e5%ae%a2%e5%a7%93%e5%90%8d%2c%e7%81%ab%e8%bd%a6%e7%a5%a8starting_station%3a%e5%a7%8b%e5%8f%91%e7%ab%99%2c%e7%81%ab%e8%bd%a6%e7%a5%a8train_num%3a%e8%bd%a6%e6%ac%a1%e5%8f%b7%2c%e7%81%ab%e8%bd%a6%e7%a5%a8destination_station%3a%e5%88%b0%e8%be%be%e7%ab%99%2c%e7%81%ab%e8%bd%a6%e7%a5%a8date%3a%e5%87%ba%e5%8f%91%e6%97%a5%e6%9c%9f%2c%e7%81%ab%e8%bd%a6%e7%a5%a8seat_num%3a%e5%ba%a7%e4%bd%8d%e5%8f%b7%2c%e7%81%ab%e8%bd%a6%e7%a5%a8seat_category%3a%e5%b8%ad%e5%88%ab%2c%e7%81%ab%e8%bd%a6%e7%a5%a8ticket_rates%3a%e8%bd%a6%e7%a5%a8%e9%87%91%e9%a2%9d%2ctx%e5%a2%9e%e5%80%bc%e7%a8%8e%e5%8f%91%e7%a5%a8Name%3a%e5%90%8d%e7%a7%b0%2ctx%e5%a2%9e%e5%80%bc%e7%a8%8e%e5%8f%91%e7%a5%a8Spec%3a%e8%a7%84%e6%a0%bc%2ctx%e5%a2%9e%e5%80%bc%e7%a8%8e%e5%8f%91%e7%a5%a8Unit%3a%e5%8d%95%e4%bd%8d%2ctx%e5%a2%9e%e5%80%bc%e7%a8%8e%e5%8f%91%e7%a5%a8Quantity%3a%e6%95%b0%e9%87%8f%2ctx%e5%a2%9e%e5%80%bc%e7%a8%8e%e5%8f%91%e7%a5%a8UnitPrice%3a%e5%8d%95%e4%bb%b7%2ctx%e5%a2%9e%e5%80%bc%e7%a8%8e%e5%8f%91%e7%a5%a8AmountWithoutTax%3a%e4%b8%8d%e5%90%ab%e7%a8%8e%e9%87%91%e9%a2%9d%2ctx%e5%a2%9e%e5%80%bc%e7%a8%8e%e5%8f%91%e7%a5%a8TaxRate%3a%e7%a8%8e%e7%8e%87%2ctx%e5%a2%9e%e5%80%bc%e7%a8%8e%e5%8f%91%e7%a5%a8TaxAmount%3a%e7%a8%8e%e9%a2%9d%2ctx%e8%90%a5%e4%b8%9a%e6%89%a7%e7%85%a7Name%3a%e5%8d%95%e4%bd%8d%e5%90%8d%e7%a7%b0%2ctx%e8%90%a5%e4%b8%9a%e6%89%a7%e7%85%a7RegNum%3a%e7%a4%be%e4%bc%9a%e4%bf%a1%e7%94%a8%e4%bb%a3%e7%a0%81%2ctx%e8%90%a5%e4%b8%9a%e6%89%a7%e7%85%a7Person%3a%e6%b3%95%e4%ba%ba%2ctx%e8%90%a5%e4%b8%9a%e6%89%a7%e7%85%a7Capital%3a%e6%b3%a8%e5%86%8c%e8%b5%84%e6%9c%ac%2ctx%e8%90%a5%e4%b8%9a%e6%89%a7%e7%85%a7SetDate%3a%e6%88%90%e7%ab%8b%e6%97%a5%e6%9c%9f%2ctx%e8%90%a5%e4%b8%9a%e6%89%a7%e7%85%a7Period%3a%e8%90%a5%e4%b8%9a%e6%9c%9f%e9%99%90%2ctx%e8%90%a5%e4%b8%9a%e6%89%a7%e7%85%a7Type%3a%e7%b1%bb%e5%9e%8b%2ctx%e8%90%a5%e4%b8%9a%e6%89%a7%e7%85%a7ComposingForm%3a%e7%bb%84%e6%88%90%e5%bd%a2%e5%bc%8f%2ctx%e8%90%a5%e4%b8%9a%e6%89%a7%e7%85%a7Address%3a%e5%9c%b0%e5%9d%80%2ctx%e8%90%a5%e4%b8%9a%e6%89%a7%e7%85%a7Business%3a%e7%bb%8f%e8%90%a5%e8%8c%83%e5%9b%b4%2ctx%e8%ba%ab%e4%bb%bd%e8%af%81Name%3a%e5%a7%93%e5%90%8d%2ctx%e8%ba%ab%e4%bb%bd%e8%af%81Sex%3a%e6%80%a7%e5%88%ab%2ctx%e8%ba%ab%e4%bb%bd%e8%af%81Nation%3a%e6%b0%91%e6%97%8f%2ctx%e8%ba%ab%e4%bb%bd%e8%af%81Birth%3a%e5%87%ba%e7%94%9f%2ctx%e8%ba%ab%e4%bb%bd%e8%af%81Address%3a%e4%bd%8f%e5%9d%80%2ctx%e8%ba%ab%e4%bb%bd%e8%af%81IdNum%3a%e8%ba%ab%e4%bb%bd%e5%8f%b7%e7%a0%81%2ctx%e8%ba%ab%e4%bb%bd%e8%af%81Authority%3a%e7%ad%be%e5%8f%91%e6%9c%ba%e5%85%b3%2ctx%e8%ba%ab%e4%bb%bd%e8%af%81ValidDate%3a%e8%af%81%e4%bb%b6%e6%9c%89%e6%95%88%e6%9c%9f%2ctx%e9%93%b6%e8%a1%8c%e5%8d%a1BankInfo%3a%e9%93%b6%e8%a1%8c%e4%bf%a1%e6%81%af%2ctx%e9%93%b6%e8%a1%8c%e5%8d%a1CardNo%3a%e9%93%b6%e8%a1%8c%e5%8d%a1%e5%8f%b7%2ctx%e9%93%b6%e8%a1%8c%e5%8d%a1ValidDate%3a%e6%9c%89%e6%95%88%e6%9c%9f%2ctx%e9%93%b6%e8%a1%8c%e5%8d%a1CardType%3a%e7%b1%bb%e5%9e%8b%2ctx%e9%93%b6%e8%a1%8c%e5%8d%a1CardName%3a%e5%8d%a1%e5%90%8d%e5%ad%97%2ctx%e5%ae%9a%e9%a2%9d%e5%8f%91%e7%a5%a8InvoiceNum%3a%e5%8f%91%e7%a5%a8%e5%8f%b7%e7%a0%81%2ctx%e5%ae%9a%e9%a2%9d%e5%8f%91%e7%a5%a8InvoiceCode%3a%e5%8f%91%e7%a5%a8%e4%bb%a3%e7%a0%81%2ctx%e5%ae%9a%e9%a2%9d%e5%8f%91%e7%a5%a8Rate%3a%e5%a4%a7%e5%86%99%e9%87%91%e9%a2%9d%2ctx%e5%ae%9a%e9%a2%9d%e5%8f%91%e7%a5%a8RateNum%3a%e5%b0%8f%e5%86%99%e9%87%91%e9%a2%9d%2ctx%e5%ae%9a%e9%a2%9d%e5%8f%91%e7%a5%a8InvoiceType%3a%e5%8f%91%e7%a5%a8%e6%b6%88%e8%b4%b9%e7%b1%bb%e5%9e%8b%2ctx%e5%ae%9a%e9%a2%9d%e5%8f%91%e7%a5%a8Province%3a%e7%9c%81%2ctx%e5%ae%9a%e9%a2%9d%e5%8f%91%e7%a5%a8City%3a%e5%b8%82%2ctx%e9%a9%be%e9%a9%b6%e8%af%81Name%3a%e5%a7%93%e5%90%8d%2ctx%e9%a9%be%e9%a9%b6%e8%af%81Sex%3a%e6%80%a7%e5%88%ab%2ctx%e9%a9%be%e9%a9%b6%e8%af%81Nationality%3a%e5%9b%bd%e7%b1%8d%2ctx%e9%a9%be%e9%a9%b6%e8%af%81Address%3a%e4%bd%8f%e5%9d%80%2ctx%e9%a9%be%e9%a9%b6%e8%af%81DateOfBirth%3a%e5%87%ba%e7%94%9f%e6%97%a5%e6%9c%9f%2ctx%e9%a9%be%e9%a9%b6%e8%af%81DateOfFirstIssue%3a%e5%88%9d%e6%ac%a1%e9%a2%86%e8%af%81%e6%97%a5%e6%9c%9f%2ctx%e9%a9%be%e9%a9%b6%e8%af%81Class%3a%e5%87%86%e9%a9%be%e8%bd%a6%e5%9e%8b%2ctx%e9%a9%be%e9%a9%b6%e8%af%81StartDate%3a%e6%9c%89%e6%95%88%e6%9c%9f%e5%bc%80%e5%a7%8b%e6%97%b6%e9%97%b4%2ctx%e9%a9%be%e9%a9%b6%e8%af%81EndDate%3a%e6%9c%89%e6%95%88%e6%9c%9f%e6%88%aa%e6%ad%a2%e6%97%b6%e9%97%b4%2ctx%e9%a9%be%e9%a9%b6%e8%af%81CardCode%3a%e8%af%81%e5%8f%b7%2ctx%e9%a9%be%e9%a9%b6%e8%af%81ArchivesCode%3a%e6%a1%a3%e6%a1%88%e7%bc%96%e5%8f%b7%2ctx%e9%a9%be%e9%a9%b6%e8%af%81Record%3a%e8%ae%b0%e5%bd%95%2ctx%e7%81%ab%e8%bd%a6%e7%a5%a8TicketNum%3a%e7%bc%96%e5%8f%b7%2ctx%e7%81%ab%e8%bd%a6%e7%a5%a8StartStation%3a%e5%87%ba%e5%8f%91%e7%ab%99%2ctx%e7%81%ab%e8%bd%a6%e7%a5%a8DestinationStation%3a%e5%88%b0%e8%be%be%e7%ab%99%2ctx%e7%81%ab%e8%bd%a6%e7%a5%a8Date%3a%e5%87%ba%e5%8f%91%e6%97%b6%e9%97%b4%2ctx%e7%81%ab%e8%bd%a6%e7%a5%a8TrainNum%3a%e8%bd%a6%e6%ac%a1%2ctx%e7%81%ab%e8%bd%a6%e7%a5%a8Seat%3a%e5%ba%a7%e4%bd%8d%e5%8f%b7%2ctx%e7%81%ab%e8%bd%a6%e7%a5%a8Name%3a%e5%a7%93%e5%90%8d%2ctx%e7%81%ab%e8%bd%a6%e7%a5%a8Price%3a%e7%a5%a8%e4%bb%b7%2ctx%e7%81%ab%e8%bd%a6%e7%a5%a8SeatCategory%3a%e5%b8%ad%e5%88%ab%2ctx%e7%81%ab%e8%bd%a6%e7%a5%a8ID%3a%e8%ba%ab%e4%bb%bd%e8%af%81%e5%8f%b7%2ctx%e7%81%ab%e8%bd%a6%e7%a5%a8InvoiceType%3a%e5%8f%91%e7%a5%a8%e6%b6%88%e8%b4%b9%e7%b1%bb%e5%9e%8b%2ctx%e7%81%ab%e8%bd%a6%e7%a5%a8SerialNumber%3a%e5%ba%8f%e5%88%97%e5%8f%b7%2ctx%e8%a1%a8%e6%a0%bcData%3aData%22%7d%2c%5b%7b%22ocrItemsList%22%3a%22%e6%99%ae%e9%80%9a%e6%96%87%e5%ad%97%2c%e9%ab%98%e7%b2%be%e5%ba%a6%e6%96%87%e5%ad%97%22%7d%2c%7b%22ocrItemsList%22%3a%22%e6%95%b0%e5%ad%97%2c%e4%ba%8c%e7%bb%b4%e7%a0%81%2c%e6%89%8b%e5%86%99%e6%96%87%e5%ad%97%2c%e5%85%ac%e5%bc%8f%2c%e9%80%9a%e7%94%a8%e7%a5%a8%e6%8d%ae%2cVIN%e7%a0%81%2c%e8%af%95%e5%8d%b7%2c%e4%bb%aa%e5%99%a8%e4%bb%aa%e8%a1%a8%e7%9b%98%e8%af%bb%e6%95%b0%22%7d%2c%7b%22ocrItemsList%22%3a%22%e9%93%b6%e8%a1%8c%e5%8d%a1%2c%e5%a2%9e%e5%80%bc%e7%a8%8e%e5%8f%91%e7%a5%a8%2c%e5%ae%9a%e9%a2%9d%e5%8f%91%e7%a5%a8%2c%e8%bd%a6%e7%89%8c%2c%e7%81%ab%e8%bd%a6%e7%a5%a8%2c%e5%87%ba%e7%a7%9f%e8%bd%a6%e7%a5%a8%2c%e8%a1%8c%e7%a8%8b%e5%8d%95%2c%e5%90%8d%e7%89%87%2c%e8%bd%a6%e8%be%86%e5%90%88%e6%a0%bc%e8%af%81%2c%e6%9c%ba%e5%8a%a8%e8%bd%a6%e9%94%80%e5%94%ae%e5%8f%91%e7%a5%a8%2c%e4%bf%9d%e9%99%a9%e5%8d%95%22%7d%2c%7b%22ocrItemsList%22%3a%22%e8%ba%ab%e4%bb%bd%e8%af%81%2c%e8%ba%ab%e4%bb%bd%e8%af%81%e8%83%8c%e9%9d%a2%2c%e8%90%a5%e4%b8%9a%e6%89%a7%e7%85%a7%2c%e9%a9%be%e9%a9%b6%e8%af%81%2c%e8%a1%8c%e9%a9%b6%e8%af%81%e6%ad%a3%e9%a1%b5%2c%e8%a1%8c%e9%a9%b6%e8%af%81%e5%89%af%e9%a1%b5%2c%e6%8a%a4%e7%85%a7%2c%e6%88%b7%e5%8f%a3%e6%9c%ac%2c%e5%87%ba%e7%94%9f%e8%af%81%e6%98%8e%2c%e6%b8%af%e6%be%b3%e9%80%9a%e8%a1%8c%e8%af%81%2c%e5%8f%b0%e6%b9%be%e9%80%9a%e8%a1%8c%e8%af%81%22%7d%5d%5d%2c%22extdict%22%3a%5b%7b%22%e6%96%87%e5%ad%97%e5%a4%a7%e7%88%86%e7%82%b8%22%3a%5b%7b%22url%22%3a%22https%3a%2f%2faip.baidubce.com%2frpc%2f2.0%2fnlp%2fv1%2flexer%3fcharset%3dUTF-8%26access_token%3d%22%2c%22post%22%3a%22%7b%7bqm%7dtext%7bqm%7d%3a%7bqm%7d%7bInput%7d%7bqm%7d%7d%22%2c%22nlpdict%22%3a%22NLPPER%3aPER+%e4%ba%ba%e5%90%8d%2cNLPLOC%3aLOC+%e5%9c%b0%e5%90%8d%2cNLPORG%3aORG+%e6%9c%ba%e6%9e%84%e5%90%8d%2cNLPTIME%3aTIME+%e6%97%b6%e9%97%b4%2cNLPn%3an+%e6%99%ae%e9%80%9a%e5%90%8d%e8%af%8d%2cNLPf%3af+%e6%96%b9%e4%bd%8d%e5%90%8d%e8%af%8d%2cNLPs%3as+%e5%a4%84%e6%89%80%e5%90%8d%e8%af%8d%2cNLPt%3at+%e6%97%b6%e9%97%b4%e5%90%8d%e8%af%8d%2cNLPnr%3anr+%e4%ba%ba%e5%90%8d%2cNLPns%3ans+%e5%9c%b0%e5%90%8d%2cNLPnt%3ant+%e6%9c%ba%e6%9e%84%e5%9b%a2%e4%bd%93%e5%90%8d%2cNLPnw%3anw+%e4%bd%9c%e5%93%81%e5%90%8d%2cNLPnz%3anz+%e5%85%b6%e4%bb%96%e4%b8%93%e5%90%8d%2cNLPv%3av+%e6%99%ae%e9%80%9a%e5%8a%a8%e8%af%8d%2cNLPvd%3avd+%e5%8a%a8%e5%89%af%e8%af%8d%2cNLPvn%3avn+%e5%90%8d%e5%8a%a8%e8%af%8d%2cNLPa%3aa+%e5%bd%a2%e5%ae%b9%e8%af%8d%2cNLPad%3aad+%e5%89%af%e5%bd%a2%e8%af%8d%2cNLPan%3aan+%e5%90%8d%e5%bd%a2%e8%af%8d%2cNLPd%3ad+%e5%89%af%e8%af%8d%2cNLPm%3am+%e6%95%b0%e9%87%8f%e8%af%8d%2cNLPq%3aq+%e9%87%8f%e8%af%8d%2cNLPr%3ar+%e4%bb%a3%e8%af%8d%2cNLPp%3ap+%e4%bb%8b%e8%af%8d%2cNLPc%3ac+%e8%bf%9e%e8%af%8d%2cNLPu%3au+%e5%8a%a9%e8%af%8d%2cNLPxc%3axc+%e5%85%b6%e4%bb%96%e8%99%9a%e8%af%8d%2cNLPw%3aw+%e6%a0%87%e7%82%b9%e7%ac%a6%e5%8f%b7%22%7d%5d%2c%22%e6%96%87%e6%9c%ac%e5%ae%a1%e6%a0%b8%22%3a%5b%7b%22url%22%3a%22https%3a%2f%2faip.baidubce.com%2frest%2f2.0%2fsolution%2fv1%2ftext_censor%2fv2%2fuser_defined%3faccess_token%3d%22%2c%22post%22%3a%22text%3d%7bInput%7d%22%7d%5d%2c%22%e6%96%87%e6%9c%ac%e7%ba%a0%e9%94%99%22%3a%5b%7b%22url%22%3a%22https%3a%2f%2faip.baidubce.com%2frpc%2f2.0%2fnlp%2fv1%2fecnet%3fcharset%3dUTF-8%26access_token%3d%22%2c%22post%22%3a%22%7b%7bqm%7dtext%7bqm%7d%3a%7bqm%7d%7bInput%7d%7bqm%7d%7d%22%7d%5d%2c%22%e6%96%87%e7%ab%a0%e6%a0%87%e7%ad%be%22%3a%5b%7b%22url%22%3a%22https%3a%2f%2faip.baidubce.com%2frpc%2f2.0%2fnlp%2fv1%2fkeyword%3fcharset%3dUTF-8%26access_token%3d%22%2c%22post%22%3a%22%7bInput%7d%22%7d%5d%7d%5d%7d","$var:fontName":"微软雅黑","$var:userTargetLang":"中英文","$var:userAccessToken":"24.f5cbb5a8cfa38fbc99ae851070c033d8.2592000.1657613740.282335-23077770","$var:ocrRecord":"","$var:lastDateTime":"2022-06-12"}}